<?xml version="1.0" encoding="utf-8"?>


<LinearLayout xmlns:android="http://schemas.android.com/apk/res/android"

    xmlns:tools="http://schemas.android.com/tools"

    android:id="@+id/LinearLayout1"

    android:layout_width="match_parent"

    android:layout_height="fill_parent"

    android:orientation="vertical" >



    <TableLayout

        android:layout_width="match_parent"

        android:layout_height="wrap_content" >



        <TableRow

            android:id="@+id/tableRow1"

            android:layout_width="wrap_content"

            android:layout_height="wrap_content" >



            <TextView

                android:id="@+id/tv_fname"

                android:layout_width="wrap_content"

                android:layout_height="wrap_content"

                android:text="First Name" />



            <EditText

                android:id="@+id/et_fname"

                android:layout_width="wrap_content"

                android:layout_height="wrap_content"

                android:ems="10" >

            </EditText>

        </TableRow>



        <TableRow

            android:id="@+id/tableRow2"

            android:layout_width="wrap_content"

            android:layout_height="wrap_content" >



            <TextView

                android:id="@+id/tv_lname"

                android:layout_width="wrap_content"

                android:layout_height="wrap_content"

                android:text="Last Name" />



            <EditText

                android:id="@+id/et_lname"

                android:layout_width="wrap_content"

                android:layout_height="wrap_content"

                android:ems="10" >

            </EditText>

        </TableRow>

    </TableLayout>



    <LinearLayout

        android:id="@+id/LinearLayout2"

        android:layout_width="match_parent"

        android:layout_height="wrap_content"

        android:orientation="vertical" >



        <Button

            android:id="@+id/btn_submit"

            android:layout_width="80dp"

            android:layout_height="40dp"

            android:layout_marginLeft="40dp"

            android:text="submit" />

    </LinearLayout>



    <LinearLayout

        android:layout_width="wrap_content"

        android:layout_height="wrap_content"

        android:layout_marginTop="20dp" >



        <TextView

            android:id="@+id/tv_slno"

            android:layout_width="50dp"

            android:layout_height="wrap_content"

            android:text="sr no"

            android:textColor="#000" />



        <TextView

            android:id="@+id/tv_Fname"

            android:layout_width="100dp"

            android:layout_height="wrap_content"

            android:layout_marginLeft="10dp"

            android:text="First Name"

            android:textColor="#000" />



        <TextView

            android:id="@+id/tv_Lname"

            android:layout_width="match_parent"

            android:layout_height="wrap_content"

            android:layout_marginLeft="10dp"

            android:text="Last Name"

            android:textColor="#000" />

    </LinearLayout>



    <ListView

        android:id="@+id/lv_custom_list"

        android:layout_width="match_parent"

        android:layout_height="wrap_content"

        android:layout_marginTop="10dp" >

    </ListView>



</LinearLayout>